ed	tumors	n
MUT.IDH1 - DEL.consensus.chr4:187186290-187647876	LGG	1
MUT.IDH1 - DEL.consensus.chr4:183089197-186421724	LGG	1
MUT.IDH1 - MUT.IDH2	LGG,LAML	2
MUT.ATRX - DEL.consensus.chr2:241064632-242476062	LGG,SARC	2
MUT.ATRX - DEL.consensus.chr11:458784-2986700	LGG	1
MUT.ATRX - MUT.IDH1	LGG	1
MUT.IDH1 - MUT.TP53	LGG	1
MUT.FUBP1 - MUT.IDH1	LGG	1
MUT.CIC - MUT.IDH1	LGG	1
MUT.ATRX - MUT.TP53	LGG	1
MUT.CIC - MUT.FUBP1	LGG	1
MUT.EGFR - AMP.consensus.chr7:54767521-55354770	LGG,GBM,LUAD	3
MUT.ATRX - AMP.consensus.chr7:54767521-55354770	LGG	1
MUT.CIC - MUT.EGFR	LGG	1
MUT.EGFR - DEL.consensus.chr9:21186568-22829484	LGG,GBM,LUAD	3
MUT.NF1 - DEL.consensus.chr9:21186568-22829484	LGG	1
AMP.consensus.chr7:54767521-55354770 - DEL.consensus.chr9:21186568-22829484	LGG,GBM,ESCA,HNSC,LUSC	5
MUT.PTEN - MUT.TP53	LGG,PRAD,GBM,CESC,BRCA,UCEC,STAD,SKCM	8
MUT.TP53 - DEL.consensus.chr9:21186568-22829484	LGG,GBM,BLCA,SKCM	4
MUT.SMARCA4 - AMP.merged.chr12:389295-6716642	LGG	1
MUT.NIPBL - AMP.merged.chr12:389295-6716642	LGG	1
AMP.consensus.chr12:57853918-58222672 - DEL.consensus.chr9:21186568-22829484	LGG,GBM	2
DEL.consensus.chr11:458784-2986700 - DEL.consensus.chr9:21186568-22829484	LGG	1
DEL.consensus.chr2:241064632-242476062 - DEL.consensus.chr9:21186568-22829484	LGG,SARC,STAD	3
MUT.SMARCA4 - AMP.consensus.chr1:204312430-204846772	LGG,LUAD,SKCM	3
MUT.PIK3CA - AMP.merged.chr8:120885957-129581304	LGG,LUAD,LUSC,CRC,STAD	5
MUT.SPOP - DEL.consensus.chr2:148602086-149272440	PRAD	1
DEL.consensus.chr5:111962676-112181936 - FUSION.TMPRSS2	PRAD	1
DEL.consensus.chr10:89512346-90611800 - FUSION.TMPRSS2	PRAD	1
DEL.pc32_CNA.chr21:39750686-40196987 - DEL.merged.chr3:71000305-72497262	PRAD	1
MUT.FOXA1 - FUSION.TMPRSS2	PRAD	1
MUT.SPOP - FUSION.TMPRSS2	PRAD	1
DEL.consensus.chr13:48876592-49059721 - DEL.consensus.chr2:148602086-149272440	PRAD	1
DEL.consensus.chr5:111962676-112181936 - DEL.consensus.chr13:32889611-33352157	PRAD	1
DEL.consensus.chr5:111962676-112181936 - DEL.consensus.chr13:48876592-49059721	PRAD	1
MUT.SPOP - DEL.pc32_CNA.chr21:39750686-40196987	PRAD	1
MUT.SPOP - DEL.consensus.chr10:89512346-90611800	PRAD	1
DEL.consensus.chr5:111962676-112181936 - DEL.consensus.chr10:89512346-90611800	PRAD,CRC	2
MUT.FOXA1 - DEL.merged.chr5:55230831-56191979	PRAD	1
MUT.KMT2D - DEL.consensus.chr10:89512346-90611800	PRAD	1
DEL.PIK3R1 - DEL.merged.chr3:71000305-72497262	PRAD	1
DEL.consensus.chr16:72807956-73093597 - DEL.consensus.chr9:8312601-10617850	PRAD	1
DEL.pc32_CNA.chr16:77819679-79246771 - DEL.PIK3R1	PRAD	1
MUT.KMT2D - DEL.consensus.chr9:8312601-10617850	PRAD,HNSC	2
MUT.PTEN - AMP.merged.chr8:120885957-129581304	PRAD,CESC,LUSC,STAD	4
MUT.TP53 - DEL.consensus.chr13:48876592-49059721	PRAD	1
MUT.KMT2C - MUT.TP53	PRAD,CESC,BRCA,UCEC,CRC,BLCA,STAD,SKCM	8
MUT.ATM - MUT.TP53	PRAD,LUAD,UCEC,STAD,SKCM	5
MUT.IDH2 - MUT.RUNX1	LAML	1
MUT.FLT3 - MUT.TET2	LAML	1
MUT.CEBPA - MUT.NRAS	LAML	1
MUT.DNMT3A - MUT.NPM1	LAML	1
MUT.FLT3 - MUT.NPM1	LAML	1
MUT.NPM1 - FUSION.RARA	LAML	1
MUT.NPM1 - AMP.pc32_CNA.chr11:118345896-118349414	LAML	1
MUT.FLT3 - MUT.RUNX1	LAML	1
MUT.FLT3 - MUT.IDH2	LAML	1
MUT.DNMT3A - MUT.FLT3	LAML	1
MUT.DNMT3A - FUSION.RARA	LAML	1
MUT.NPM1 - MUT.RUNX1	LAML	1
MUT.NPM1 - MUT.TP53	LAML	1
MUT.FLT3 - MUT.TP53	LAML	1
MUT.RB1 - DEL.consensus.chr9:21186568-22829484	GBM,LIHC,SARC,LUAD,LUSC,BLCA,SKCM	7
MUT.NF1 - AMP.consensus.chr7:54767521-55354770	GBM,LUAD,LUSC,STAD	4
MUT.TP53 - AMP.consensus.chr7:54767521-55354770	GBM,LUAD	2
MUT.RB1 - FUSION.FGFR3	GBM	1
MUT.EGFR - MUT.NF1	GBM,LUAD	2
MUT.PTEN - MUT.RB1	GBM	1
MUT.PIK3CA - MUT.PTEN	GBM	1
MUT.PIK3CA - AMP.consensus.chr7:54767521-55354770	GBM,ESCA,HNSC,LUSC,STAD	5
MUT.EGFR - MUT.PIK3CA	GBM	1
MUT.NF1 - MUT.RB1	GBM	1
MUT.EGFR - MUT.TP53	GBM	1
MUT.NF1 - DEL.consensus.chr10:89512346-90611800	GBM,SKCM	2
MUT.PIK3CA - DEL.consensus.chr10:89512346-90611800	GBM,BRCA,LUSC,CRC,STAD	5
MUT.BAP1 - MUT.NF2	MESO	1
MUT.CTNNB1 - MUT.TP53	ACC,LIHC,UCEC,STAD,SKCM	5
MUT.ARID2 - MUT.CTNNB1	LIHC	1
MUT.AXIN1 - MUT.CTNNB1	LIHC	1
MUT.CTNNB1 - AMP.consensus.chr1:155860091-156483056	LIHC	1
MUT.BAP1 - MUT.CTNNB1	LIHC	1
MUT.CTNNB1 - AMP.pc32_CNA.chr1:120457918-120521760	LIHC	1
MUT.CTNNB1 - MUT.TSC2	LIHC	1
MUT.CTNNB1 - DEL.consensus.chr10:89512346-90611800	LIHC	1
AMP.consensus.chr1:155860091-156483056 - AMP.pc32_CNA.chr8:55138997-55817729	LIHC,OV,BRCA,LUAD	4
AMP.pc32_CNA.chr8:55138997-55817729 - AMP.AKT3	LIHC	1
AMP.consensus.chr17:57929232-58027925 - AMP.AKT3	LIHC,BRCA	2
AMP.consensus.chr1:204312430-204846772 - AMP.pc32_CNA.chr8:55138997-55817729	LIHC,BRCA	2
MUT.TP53 - DEL.consensus.chr10:89512346-90611800	LIHC,BRCA	2
AMP.consensus.chr13:110263569-110438915 - AMP.pc32_CNA.chr8:55138997-55817729	LIHC	1
AMP.consensus.chr11:68899450-70327305 - AMP.pc32_CNA.chr8:55138997-55817729	LIHC	1
MUT.ARID2 - AMP.consensus.chr17:78518619-79332338	LIHC,SKCM	2
MUT.ARID1A - AMP.pc32_CNA.chr1:120457918-120521760	LIHC,LUAD,UCEC,LUSC,STAD	5
AMP.consensus.chr11:68899450-70327305 - AMP.consensus.chr13:110263569-110438915	LIHC	1
DEL.consensus.chr10:89512346-90611800 - DEL.pc32_CNA.chr8:26150061-26230632	LIHC,BRCA,LUSC,CRC	4
MUT.ARID1A - MUT.TP53	LIHC,UCEC,STAD,SKCM	4
MUT.RB1 - AMP.consensus.chr11:68899450-70327305	LIHC,LUSC,BLCA,SKCM	4
DEL.consensus.chr10:89512346-90611800 - DEL.consensus.chr4:183089197-186421724	LIHC,SARC,STAD	3
DEL.consensus.chr10:89512346-90611800 - DEL.consensus.chr4:187186290-187647876	LIHC,LUSC,STAD	3
MUT.ARID1A - DEL.consensus.chr10:89512346-90611800	LIHC,CRC,SKCM	3
DEL.consensus.chr13:48876592-49059721 - DEL.consensus.chr9:21186568-22829484	LIHC,SARC,BRCA,LUSC,BLCA	5
DEL.consensus.chr9:21186568-22829484 - DEL.pc32_CNA.chr8:26150061-26230632	LIHC	1
MUT.KMT2C - MUT.KMT2D	CESC,UCEC,LUSC,BLCA,STAD	5
MUT.NFE2L2 - AMP.merged.chr3:138372860-196128882	CESC,ESCA,HNSC,LUSC	4
MUT.KMT2D - MUT.KRAS	CESC	1
MUT.PTEN - AMP.merged.chr17:37736785-38513094	CESC,BRCA	2
MUT.PTEN - DEL.consensus.chr10:89512346-90611800	CESC,BRCA,LUSC,SKCM	4
MUT.KRAS - AMP.merged.chr17:37736785-38513094	CESC,UCEC,STAD	3
MUT.KRAS - AMP.merged.chr5:35852797-39172031	CESC,LUAD,STAD	3
AMP.consensus.chr12:57853918-58222672 - DEL.consensus.chrX:76760338-77042608	SARC	1
AMP.consensus.chr12:57853918-58222672 - DEL.consensus.chr13:48876592-49059721	SARC	1
AMP.consensus.chr12:69201956-70234066 - DEL.consensus.chr13:48876592-49059721	SARC,OV,BRCA,BLCA	4
MUT.RB1 - DEL.consensus.chr13:48876592-49059721	SARC	1
MUT.TP53 - AMP.consensus.chr12:69201956-70234066	SARC,BRCA,LUAD,HNSC,BLCA,STAD,SKCM	7
MUT.TP53 - DEL.merged.chr17:6887758-7816078	SARC	1
AMP.consensus.chr1:59236839-59251875 - AMP.merged.chr20:54944445-57486247	SARC	1
AMP.consensus.chr12:69201956-70234066 - DEL.consensus.chr10:89512346-90611800	SARC,BRCA,LUSC,STAD	4
DEL.consensus.chr2:241064632-242476062 - AMP.merged.chr20:54944445-57486247	SARC,STAD	2
AMP.consensus.chr19:30196295-30723166 - DEL.consensus.chr9:21186568-22829484	SARC,LUAD,STAD	3
AMP.consensus.chr1:155860091-156483056 - AMP.consensus.chr8:37347453-38496833	SARC,BRCA	2
MUT.TP53 - AMP.merged.chr8:120885957-129581304	OV,ESCA,PAAD,BRCA,HNSC,UCEC,LUSC,STAD	8
MUT.TP53 - AMP.consensus.chr19:30196295-30723166	OV,BRCA,UCEC,LUSC,STAD	5
MUT.TP53 - AMP.merged.chr3:138372860-196128882	OV,ESCA,BRCA,HNSC,UCEC,LUSC	6
MUT.TP53 - AMP.consensus.chr5:914622-1409047	OV,ESCA,LUAD,HNSC,LUSC,BLCA,STAD	7
MUT.NF1 - AMP.consensus.chr19:15296307-16036998	OV,UCEC	2
AMP.consensus.chr11:101878759-102545247 - DEL.pc32_CNA.chr16:77819679-79246771	OV	1
DEL.consensus.chr13:48876592-49059721 - DEL.pc32_CNA.chr16:77819679-79246771	OV	1
MUT.NF1 - AMP.merged.chr12:389295-6716642	OV	1
AMP.consensus.chr5:914622-1409047 - AMP.pc32_CNA.chr8:55138997-55817729	OV,HNSC	2
AMP.consensus.chr1:155860091-156483056 - AMP.consensus.chr12:69201956-70234066	OV,BRCA	2
MUT.KMT2D - MUT.TP53	ESCA	1
MUT.TP53 - AMP.consensus.chr11:68899450-70327305	ESCA,HNSC	2
AMP.consensus.chr11:68899450-70327305 - AMP.merged.chr3:138372860-196128882	ESCA	1
MUT.CDKN2A - DEL.consensus.chr9:21186568-22829484	ESCA,PAAD,LUAD,HNSC,LUSC,STAD,SKCM	7
MUT.TP53 - AMP.merged.chr5:35852797-39172031	ESCA,LUAD,HNSC,LUSC,STAD	5
DEL.consensus.chr6:1015750-2250883 - AMP.merged.chr12:24051036-26476562	ESCA,STAD	2
AMP.consensus.chr8:37347453-38496833 - AMP.merged.chr12:24051036-26476562	ESCA	1
MUT.CDKN2A - MUT.TP53	ESCA,PAAD,HNSC,LUSC	4
MUT.CDKN2A - MUT.PIK3CA	ESCA,LUSC	2
MUT.PIK3CA - AMP.consensus.chr8:37347453-38496833	ESCA,BRCA,HNSC,LUSC,CRC,BLCA	6
MUT.KRAS - DEL.merged.chr18:45357922-48616656	PAAD,CRC	2
MUT.KRAS - MUT.TP53	PAAD,LUAD	2
MUT.CDKN2A - DEL.merged.chr18:45357922-48616656	PAAD	1
MUT.CDKN2A - MUT.KRAS	PAAD	1
MUT.KRAS - DEL.consensus.chr9:21186568-22829484	PAAD	1
MUT.KRAS - MUT.SMAD4	PAAD	1
MUT.KRAS - AMP.merged.chr8:120885957-129581304	PAAD	1
MUT.TP53 - DEL.merged.chr18:45357922-48616656	PAAD	1
MUT.GATA3 - AMP.consensus.chr17:63006833-63694920	BRCA	1
MUT.GATA3 - AMP.consensus.chr17:57929232-58027925	BRCA	1
MUT.GATA3 - MUT.PIK3CA	BRCA	1
MUT.CDH1 - MUT.GATA3	BRCA	1
MUT.CDH1 - MUT.MAP3K1	BRCA	1
MUT.GATA3 - MUT.MAP3K1	BRCA	1
MUT.PIK3CA - AMP.consensus.chr17:57929232-58027925	BRCA	1
MUT.CDH1 - MUT.MAP2K4	BRCA	1
MUT.CDH1 - AMP.consensus.chr15:98877412-99778651	BRCA	1
MUT.PIK3CA - AMP.consensus.chr15:98877412-99778651	BRCA,STAD	2
MUT.CDH1 - AMP.consensus.chr17:73314157-73937665	BRCA	1
MUT.MAP2K4 - MUT.MAP3K1	BRCA	1
MUT.MAP3K1 - AMP.consensus.chr17:57929232-58027925	BRCA	1
MUT.CDH1 - AMP.consensus.chr17:78518619-79332338	BRCA	1
AMP.consensus.chr8:37347453-38496833 - AMP.AKT3	BRCA	1
MUT.MAP3K1 - MUT.NCOR1	BRCA	1
AMP.AKT3 - AMP.merged.chr17:37736785-38513094	BRCA	1
AMP.consensus.chr1:204312430-204846772 - AMP.consensus.chr8:37347453-38496833	BRCA,LUSC	2
MUT.MAP2K4 - MUT.RUNX1	BRCA	1
AMP.consensus.chr17:57929232-58027925 - AMP.pc32_CNA.chr8:55138997-55817729	BRCA	1
MUT.KMT2C - MUT.PIK3CA	BRCA	1
MUT.NCOR1 - AMP.consensus.chr8:37347453-38496833	BRCA	1
MUT.KMT2C - AMP.consensus.chr8:37347453-38496833	BRCA	1
AMP.consensus.chr1:155860091-156483056 - AMP.consensus.chr11:68899450-70327305	BRCA,LUAD,LUSC	3
AMP.consensus.chr12:69201956-70234066 - AMP.AKT3	BRCA	1
MUT.GATA3 - MUT.TP53	BRCA	1
AMP.consensus.chr12:69201956-70234066 - AMP.merged.chr17:37736785-38513094	BRCA	1
MUT.CDH1 - MUT.TP53	BRCA	1
MUT.TP53 - AMP.merged.chr17:37736785-38513094	BRCA	1
AMP.pc32_CNA.chr8:55138997-55817729 - AMP.pc32_CNA.chr1:120457918-120521760	BRCA	1
AMP.consensus.chr17:63006833-63694920 - AMP.pc32_CNA.chr8:55138997-55817729	BRCA	1
MUT.MAP2K4 - AMP.consensus.chr15:98877412-99778651	BRCA	1
DEL.consensus.chr10:89512346-90611800 - AMP.merged.chr17:37736785-38513094	BRCA	1
MUT.RUNX1 - AMP.consensus.chr17:78518619-79332338	BRCA	1
MUT.MAP3K1 - MUT.TP53	BRCA	1
AMP.consensus.chr11:68899450-70327305 - AMP.consensus.chr19:30196295-30723166	BRCA,STAD	2
MUT.CDH1 - AMP.merged.chr3:138372860-196128882	BRCA,STAD	2
MUT.TP53 - DEL.pc32_CNA.chr8:26150061-26230632	BRCA	1
MUT.GATA3 - MUT.PTEN	BRCA	1
MUT.MAP2K4 - MUT.TP53	BRCA	1
MUT.KMT2C - AMP.consensus.chr17:78518619-79332338	BRCA,SKCM	2
AMP.consensus.chr17:73314157-73937665 - DEL.consensus.chr10:89512346-90611800	BRCA	1
MUT.NCOR1 - AMP.consensus.chr12:69201956-70234066	BRCA	1
MUT.MAP2K4 - MUT.PTEN	BRCA	1
MUT.KEAP1 - MUT.STK11	LUAD	1
MUT.KRAS - MUT.STK11	LUAD	1
MUT.KRAS - MUT.RBM10	LUAD	1
MUT.EGFR - MUT.KRAS	LUAD	1
MUT.KRAS - MUT.SMARCA4	LUAD	1
MUT.EGFR - MUT.STK11	LUAD	1
MUT.KEAP1 - AMP.consensus.chr14:35870717-36159897	LUAD	1
MUT.SPTA1 - MUT.STK11	LUAD	1
MUT.KRAS - AMP.merged.chr12:24051036-26476562	LUAD	1
MUT.KEAP1 - AMP.consensus.chr14:37858832-38371493	LUAD	1
MUT.EGFR - MUT.KEAP1	LUAD	1
MUT.ATM - MUT.KRAS	LUAD	1
MUT.STK11 - AMP.consensus.chr5:914622-1409047	LUAD	1
MUT.STK11 - MUT.TP53	LUAD	1
MUT.SPTA1 - AMP.consensus.chr14:35870717-36159897	LUAD	1
MUT.RBM10 - MUT.TP53	LUAD	1
MUT.CSMD3 - MUT.EGFR	LUAD	1
MUT.STK11 - AMP.merged.chr5:35852797-39172031	LUAD	1
MUT.KRAS - MUT.NF1	LUAD,UCEC,STAD	3
MUT.CSMD3 - MUT.TP53	LUAD	1
MUT.BRAF - MUT.KRAS	LUAD,CRC	2
MUT.FAT3 - MUT.TP53	LUAD	1
MUT.KEAP1 - AMP.consensus.chr7:5569108-6567114	LUAD	1
MUT.HMCN1 - MUT.TP53	LUAD	1
MUT.KEAP1 - AMP.consensus.chr7:54767521-55354770	LUAD,LUSC	2
MUT.NF1 - MUT.TP53	LUAD	1
AMP.consensus.chr14:37858832-38371493 - AMP.consensus.chr19:30196295-30723166	LUAD	1
AMP.merged.chr12:24051036-26476562 - AMP.merged.chr5:35852797-39172031	LUAD	1
AMP.consensus.chr12:69201956-70234066 - AMP.consensus.chr14:37858832-38371493	LUAD,LUSC	2
AMP.consensus.chr14:35870717-36159897 - DEL.consensus.chr9:21186568-22829484	LUAD	1
MUT.RBM10 - MUT.SMAD4	LUAD	1
MUT.RBM10 - AMP.AKT3	LUAD	1
MUT.SMARCA4 - AMP.consensus.chr1:155860091-156483056	LUAD	1
MUT.BRAF - MUT.KEAP1	LUAD	1
AMP.consensus.chr1:155860091-156483056 - AMP.consensus.chr12:57853918-58222672	LUAD	1
AMP.pc32_CNA.chr8:55138997-55817729 - AMP.merged.chr5:35852797-39172031	LUAD,HNSC	2
AMP.AKT3 - DEL.consensus.chr9:8312601-10617850	LUAD	1
MUT.RB1 - MUT.TP53	LUAD,BLCA	2
MUT.ZNF804A - AMP.pc32_CNA.chr8:55138997-55817729	LUAD	1
MUT.CDKN2A - AMP.consensus.chr1:155860091-156483056	LUAD	1
MUT.BRAF - AMP.merged.chr12:24051036-26476562	LUAD	1
MUT.BRAF - MUT.NF1	LUAD	1
MUT.BRAF - AMP.consensus.chr12:69201956-70234066	LUAD	1
MUT.CDKN2A - MUT.RB1	LUAD,LUSC,SKCM	3
MUT.CASP8 - MUT.HRAS	HNSC	1
MUT.HRAS - MUT.TP53	HNSC	1
MUT.FAT1 - MUT.HRAS	HNSC	1
MUT.FAT1 - MUT.NOTCH1	HNSC	1
MUT.CASP8 - MUT.EP300	HNSC,UCEC,STAD	3
MUT.CASP8 - MUT.FAT1	HNSC,UCEC	2
MUT.PIK3CA - MUT.TP53	HNSC,CRC	2
AMP.consensus.chr11:68899450-70327305 - DEL.consensus.chr4:187186290-187647876	HNSC	1
AMP.consensus.chr11:68899450-70327305 - DEL.consensus.chr9:21186568-22829484	HNSC	1
MUT.CASP8 - AMP.consensus.chr11:68899450-70327305	HNSC,STAD	2
AMP.consensus.chr11:68899450-70327305 - DEL.consensus.chr4:183089197-186421724	HNSC	1
MUT.HRAS - AMP.consensus.chr11:68899450-70327305	HNSC	1
MUT.CASP8 - MUT.NSD1	HNSC	1
MUT.TGFBR2 - AMP.consensus.chr11:68899450-70327305	HNSC	1
MUT.HRAS - MUT.NSD1	HNSC	1
AMP.consensus.chr11:101878759-102545247 - AMP.merged.chr3:138372860-196128882	HNSC	1
MUT.NSD1 - AMP.consensus.chr9:3750862-5789984	HNSC	1
MUT.NSD1 - AMP.consensus.chr11:101878759-102545247	HNSC	1
MUT.TP53 - AMP.consensus.chr7:92234235-93041189	HNSC	1
AMP.consensus.chr9:3750862-5789984 - AMP.consensus.chr13:73629114-74007186	HNSC	1
MUT.EPHA2 - AMP.consensus.chr20:32263489-32496506	HNSC	1
AMP.consensus.chr13:73629114-74007186 - DEL.merged.chr18:45357922-48616656	HNSC,CRC,STAD	3
MUT.NFE2L2 - AMP.consensus.chr7:92234235-93041189	HNSC	1
MUT.EP300 - AMP.merged.chr12:389295-6716642	HNSC	1
AMP.consensus.chr8:37347453-38496833 - AMP.merged.chr12:389295-6716642	HNSC,CRC	2
MUT.PPP2R1A - MUT.PTEN	UCEC	1
MUT.CTNNB1 - MUT.PTEN	UCEC	1
MUT.ARHGAP35 - MUT.HMCN1	UCEC	1
MUT.PIK3CA - MUT.PIK3R1	UCEC	1
MUT.JAK1 - MUT.KANSL1	UCEC	1
MUT.PIK3R1 - MUT.PTEN	UCEC	1
MUT.MSH6 - MUT.TAF1	UCEC	1
MUT.RASA1 - MUT.SIN3A	UCEC	1
MUT.ATF7IP - MUT.SIN3A	UCEC	1
MUT.JAK1 - MUT.SCAF4	UCEC	1
MUT.PTEN - AMP.pc32_CNA.chr1:120457918-120521760	UCEC,LUSC,STAD,SKCM	4
MUT.ATF7IP - MUT.DMD	UCEC	1
MUT.NSD1 - MUT.RPL22	UCEC	1
MUT.MGA - MUT.MSH6	UCEC	1
MUT.FAT4 - MUT.MSH6	UCEC	1
MUT.JAK1 - MUT.RPL22	UCEC	1
MUT.ATF7IP - MUT.FAT3	UCEC	1
MUT.JAK1 - MUT.SIN3A	UCEC	1
MUT.RASA1 - MUT.ZMYM2	UCEC	1
MUT.CTCF - MUT.PTEN	UCEC	1
MUT.ARHGAP35 - MUT.SCAF4	UCEC	1
MUT.FGFR2 - MUT.PTEN	UCEC	1
MUT.SIN3A - MUT.ZMYM2	UCEC	1
MUT.ARID1A - MUT.JAK1	UCEC	1
MUT.CTCF - MUT.KMT2B	UCEC,STAD	2
MUT.CHD3 - MUT.CTCF	UCEC	1
MUT.PTEN - MUT.RPL22	UCEC	1
MUT.KMT2B - MUT.ZFHX3	UCEC,STAD	2
MUT.INPPL1 - MUT.SCAF4	UCEC	1
MUT.CHD3 - MUT.RNF43	UCEC	1
MUT.INPPL1 - MUT.JAK1	UCEC	1
MUT.ARID5B - MUT.FGFR2	UCEC	1
MUT.KMT2B - MUT.ZMYM2	UCEC	1
MUT.CHD4 - MUT.PPP2R1A	UCEC	1
MUT.ARID1A - MUT.CTCF	UCEC,STAD	2
MUT.ARID1A - AMP.consensus.chr19:30196295-30723166	UCEC,LUSC,STAD	3
MUT.KMT2B - MUT.RNF43	UCEC,CRC,STAD	3
MUT.CHD4 - MUT.FBXW7	UCEC	1
MUT.JAK1 - MUT.KMT2D	UCEC	1
AMP.consensus.chr2:113961008-114098412 - AMP.pc32_CNA.chr20:29846281-31001664	UCEC	1
MUT.KMT2B - MUT.SCAF4	UCEC,CRC	2
MUT.RPL22 - MUT.SIN3A	UCEC	1
MUT.RPL22 - MUT.ZFHX3	UCEC,STAD	2
MUT.INPPL1 - MUT.PPP2R1A	UCEC	1
MUT.KMT2B - MUT.KMT2D	UCEC,CRC,STAD	3
MUT.ATM - MUT.POLE	UCEC	1
MUT.ARHGAP35 - MUT.POLE	UCEC	1
MUT.KMT2D - MUT.RPL22	UCEC,STAD	2
MUT.NF1 - MUT.POLE	UCEC	1
MUT.ACVR2A - MUT.RPL22	UCEC,STAD	2
MUT.CTNNB1 - MUT.KRAS	UCEC	1
MUT.ARHGAP35 - MUT.KRAS	UCEC	1
MUT.FGFR2 - MUT.KRAS	UCEC	1
MUT.CTCF - MUT.TP53	UCEC	1
MUT.ACVR2A - MUT.RNF43	UCEC,CRC,STAD	3
MUT.NSD1 - AMP.consensus.chr1:155860091-156483056	UCEC,LUSC	2
MUT.APC - MUT.RNF43	UCEC,CRC,STAD	3
MUT.KANSL1 - AMP.merged.chr17:37736785-38513094	UCEC,CRC,STAD	3
MUT.RASA1 - AMP.merged.chr3:138372860-196128882	LUSC	1
AMP.merged.chr3:138372860-196128882 - DEL.merged.chrX:30873422-53254604	LUSC	1
MUT.KEAP1 - MUT.NFE2L2	LUSC	1
AMP.consensus.chr7:54767521-55354770 - AMP.consensus.chr8:37347453-38496833	LUSC	1
MUT.KMT2D - AMP.merged.chr2:61105065-61765761	LUSC	1
AMP.consensus.chr11:68899450-70327305 - AMP.merged.chr5:35852797-39172031	LUSC	1
MUT.NFE2L2 - MUT.PTEN	LUSC	1
MUT.TP53 - DEL.consensus.chr4:187186290-187647876	LUSC	1
MUT.CDKN2A - AMP.consensus.chr14:37858832-38371493	LUSC	1
MUT.RB1 - AMP.consensus.chr2:178092323-178530799	LUSC	1
AMP.consensus.chr2:178092323-178530799 - AMP.merged.chr12:24051036-26476562	LUSC	1
MUT.RB1 - AMP.consensus.chr7:92234235-93041189	LUSC	1
MUT.CREBBP - AMP.consensus.chr22:22101292-22281902	LUSC	1
MUT.RASA1 - AMP.consensus.chr12:69201956-70234066	LUSC,STAD	2
DEL.consensus.chr13:48876592-49059721 - DEL.consensus.chr9:8312601-10617850	LUSC	1
MUT.CREBBP - AMP.consensus.chr12:69201956-70234066	LUSC,BLCA,STAD,SKCM	4
MUT.APC - AMP.SRC	CRC	1
MUT.APC - MUT.CTNNB1	CRC,STAD	2
MUT.BMPR2 - MUT.HLA-B	CRC,STAD	2
MUT.APC - AMP.pc32_CNA.chr13:21396967-21398979	CRC	1
MUT.APC - MUT.BRAF	CRC	1
MUT.APC - AMP.consensus.chr13:28392773-29069265	CRC	1
MUT.AMER1 - MUT.SMAD4	CRC	1
MUT.AMER1 - MUT.SOX9	CRC	1
MUT.KMT2B - MUT.ZFP36L2	CRC	1
MUT.BCL9L - MUT.HLA-B	CRC	1
MUT.APC - MUT.TCF7L2	CRC	1
MUT.ACVR2A - MUT.SOX9	CRC	1
MUT.RNF43 - MUT.ZFP36L2	CRC	1
MUT.KRAS - MUT.NRAS	CRC	1
MUT.CREBBP - MUT.FBXW7	CRC	1
MUT.KRAS - MUT.PIK3CA	CRC	1
MUT.BMPR2 - MUT.ZBTB20	CRC,STAD	2
MUT.APC - AMP.consensus.chr20:32263489-32496506	CRC	1
MUT.KMT2B - MUT.ZBTB20	CRC,STAD	2
MUT.BMPR2 - MUT.SMAD4	CRC,STAD	2
MUT.SOX9 - AMP.merged.chr20:54944445-57486247	CRC	1
MUT.ACVR2A - MUT.HLA-B	CRC,STAD	2
MUT.TP53 - AMP.merged.chr20:54944445-57486247	CRC	1
MUT.SMAD4 - AMP.consensus.chr20:32263489-32496506	CRC	1
MUT.SMAD4 - AMP.pc32_CNA.chr20:29846281-31001664	CRC	1
MUT.TP53 - AMP.pc32_CNA.chr20:29846281-31001664	CRC	1
MUT.SMAD2 - AMP.consensus.chr20:32263489-32496506	CRC	1
MUT.ACVR2A - MUT.ZBTB20	CRC,STAD	2
MUT.BRAF - MUT.NRAS	CRC,SKCM	2
AMP.consensus.chr13:73629114-74007186 - AMP.merged.chr20:54944445-57486247	CRC,STAD	2
AMP.pc32_CNA.chr13:21396967-21398979 - AMP.merged.chr12:389295-6716642	CRC	1
MUT.BRAF - MUT.CTNNB1	CRC	1
DEL.consensus.chr10:89512346-90611800 - DEL.pc32_CNA.chr16:77819679-79246771	CRC	1
MUT.FGFR3 - MUT.STAG2	BLCA	1
MUT.KDM6A - AMP.consensus.chr3:12484849-12705725	BLCA	1
MUT.FGFR3 - MUT.KDM6A	BLCA	1
MUT.FGFR3 - DEL.consensus.chr9:21186568-22829484	BLCA	1
MUT.CDKN1A - MUT.FGFR3	BLCA	1
MUT.CDKN1A - MUT.KDM6A	BLCA	1
MUT.KDM6A - MUT.RB1	BLCA	1
MUT.FGFR3 - AMP.merged.chr6:20402398-21635028	BLCA	1
MUT.FGFR3 - MUT.RB1	BLCA	1
MUT.STAG2 - DEL.consensus.chr9:21186568-22829484	BLCA	1
MUT.KDM6A - MUT.KMT2D	BLCA	1
DEL.consensus.chr9:21186568-22829484 - AMP.merged.chr6:20402398-21635028	BLCA	1
MUT.TP53 - AMP.merged.chr6:20402398-21635028	BLCA	1
MUT.ERBB2 - MUT.FGFR3	BLCA	1
MUT.STAG2 - AMP.merged.chr6:20402398-21635028	BLCA	1
MUT.ARID1A - MUT.FGFR3	BLCA	1
MUT.FGFR3 - MUT.TP53	BLCA	1
AMP.consensus.chr3:12484849-12705725 - DEL.consensus.chr9:21186568-22829484	BLCA	1
MUT.FGFR3 - DEL.consensus.chr13:48876592-49059721	BLCA	1
AMP.pc32_CNA.chr1:120457918-120521760 - DEL.consensus.chr9:21186568-22829484	BLCA	1
MUT.KMT2C - MUT.RB1	BLCA	1
DEL.consensus.chr9:21186568-22829484 - AMP.merged.chr8:120885957-129581304	BLCA	1
AMP.consensus.chr3:12484849-12705725 - AMP.consensus.chr11:68899450-70327305	BLCA	1
AMP.consensus.chr12:69201956-70234066 - AMP.consensus.chr5:914622-1409047	BLCA	1
MUT.TP53 - AMP.pc32_CNA.chr1:120457918-120521760	BLCA	1
MUT.KMT2C - AMP.pc32_CNA.chr1:120457918-120521760	BLCA	1
MUT.STAG2 - AMP.merged.chr8:120885957-129581304	BLCA	1
AMP.consensus.chr11:68899450-70327305 - AMP.merged.chr8:120885957-129581304	BLCA	1
MUT.BMPR2 - MUT.CTNND1	STAD	1
MUT.ARID1B - MUT.RPL22	STAD	1
MUT.B2M - MUT.ERBB3	STAD	1
MUT.BMPR2 - MUT.ZC3H18	STAD	1
MUT.RPL22 - MUT.ZC3H18	STAD	1
MUT.MGA - MUT.SPEN	STAD	1
MUT.ERBB3 - MUT.RPL22	STAD	1
MUT.RPL22 - MUT.ZBTB20	STAD	1
MUT.CNTN6 - MUT.SPEN	STAD	1
DEL.consensus.chr6:161412759-164000119 - DEL.pc32_CNA.chr16:77819679-79246771	STAD	1
MUT.KMT2D - MUT.ZBTB20	STAD	1
MUT.CNTN6 - MUT.MGA	STAD	1
MUT.CNTN6 - MUT.SPTA1	STAD	1
MUT.ZC3H13 - AMP.pc32_CNA.chr6:43735986-43883259	STAD	1
MUT.CDH1 - MUT.CTNND1	STAD	1
MUT.ARID1B - AMP.consensus.chr7:92234235-93041189	STAD	1
AMP.consensus.chr13:73629114-74007186 - AMP.merged.chr12:24051036-26476562	STAD	1
MUT.ERBB3 - AMP.consensus.chr6:41751351-42836583	STAD	1
MUT.ERBB2 - DEL.merged.chr18:45357922-48616656	STAD	1
MUT.ARID1B - AMP.pc32_CNA.chr6:43735986-43883259	STAD	1
AMP.consensus.chr10:123237848-123462451 - AMP.merged.chr20:54944445-57486247	STAD	1
MUT.FBXW7 - AMP.consensus.chr7:92234235-93041189	STAD	1
MUT.ERBB2 - AMP.consensus.chr13:73629114-74007186	STAD	1
MUT.BRCA2 - AMP.merged.chr12:24051036-26476562	STAD	1
MUT.BRCA2 - MUT.ERBB2	STAD	1
MUT.ATM - AMP.consensus.chr6:41751351-42836583	STAD	1
MUT.ATM - AMP.merged.chr7:116312444-117333728	STAD	1
MUT.KMT2C - AMP.merged.chr12:24051036-26476562	STAD	1
MUT.ARID2 - MUT.CTCF	STAD	1
MUT.KMT2B - AMP.consensus.chr5:914622-1409047	STAD	1
MUT.CIC - MUT.SPTA1	STAD	1
MUT.ERBB2 - AMP.consensus.chr7:54767521-55354770	STAD	1
MUT.CIC - MUT.KRAS	STAD	1
MUT.NRAS - AMP.NRAS	SKCM	1
MUT.PBRM1 - MUT.XRN1	SKCM	1
MUT.BRAF - AMP.NRAS	SKCM	1
MUT.BRAF - AMP.consensus.chr4:55042340-56352127	SKCM	1
MUT.KIT - MUT.NRAS	SKCM	1
MUT.BRAF - AMP.merged.chr7:139246316-140624564	SKCM	1
MUT.BRAF - MUT.KIT	SKCM	1
MUT.NRAS - AMP.merged.chr7:139246316-140624564	SKCM	1
MUT.PTPRD - MUT.TP53	SKCM	1
MUT.ARID2 - MUT.MAP2K1	SKCM	1
MUT.ARID2 - MUT.ERBB4	SKCM	1
MUT.MAP2K1 - MUT.NF1	SKCM	1
MUT.CDKN2A - MUT.KIT	SKCM	1
MUT.DNER - MUT.SYCP1	SKCM	1
MUT.FGFR2 - MUT.SPTA1	SKCM	1
MUT.MAP2K1 - AMP.consensus.chr1:204312430-204846772	SKCM	1
MUT.MAP2K1 - AMP.AKT3	SKCM	1
MUT.DDX3X - AMP.consensus.chr1:204312430-204846772	SKCM	1
MUT.KMT2C - MUT.MAP2K1	SKCM	1
MUT.ERBB4 - AMP.consensus.chr1:204312430-204846772	SKCM	1
MUT.FAT4 - AMP.consensus.chr1:204312430-204846772	SKCM	1
MUT.DICER1 - AMP.consensus.chr5:914622-1409047	SKCM	1
DEL.consensus.chr10:89512346-90611800 - DEL.consensus.chr9:8312601-10617850	SKCM	1
MUT.FAT1 - AMP.merged.chr6:20402398-21635028	SKCM	1
MUT.SMARCA4 - AMP.AKT3	SKCM	1
MUT.IDH1 - MUT.PTPRD	SKCM	1
MUT.IDH1 - MUT.SPTA1	SKCM	1
